{"textures":{"0":"modelengine:entity/em_dskeleton_wizard","particle":"#0"},"elements":[{"from":[9.995,8.495,8.6449995],"to":[6.005,5.505,3.6550002],"faces":{"east":{"uv":[8.3825,9.3825,8.9925,9.7425],"tintindex":0,"rotation":0,"texture":"#0"},"south":{"uv":[5.7575,9.8825,6.2425,10.2425],"tintindex":0,"rotation":0,"texture":"#0"},"north":{"uv":[9.8825,4.6325,10.3675,4.9925],"tintindex":0,"rotation":0,"texture":"#0"},"west":{"uv":[9.3825,8.6325,9.9925,8.9925],"tintindex":0,"rotation":0,"texture":"#0"},"up":{"uv":[9.3675,6.6175,8.8825,6.0075],"tintindex":0,"rotation":0,"texture":"#0"},"down":{"uv":[9.3675,7.5075,8.8825,8.1175],"tintindex":0,"rotation":0,"texture":"#0"}}},{"from":[6.005,5.505,3.6550002],"to":[9.995,8.495,8.6449995],"faces":{"east":{"uv":[9.3825,7.8825,9.9925,8.2425],"tintindex":0,"rotation":0,"texture":"#0"},"south":{"uv":[9.8825,3.5075,10.3675,3.8675],"tintindex":0,"rotation":0,"texture":"#0"},"north":{"uv":[7.5075,1.0075,7.9925,1.3675],"tintindex":0,"rotation":0,"texture":"#0"},"west":{"uv":[9.3825,8.2575,9.9925,8.6175],"tintindex":0,"rotation":0,"texture":"#0"},"up":{"uv":[7.8675,9.3675,7.3825,8.7575],"tintindex":0,"rotation":0,"texture":"#0"},"down":{"uv":[8.3675,8.7575,7.8825,9.3675],"tintindex":0,"rotation":0,"texture":"#0"}}}],"display":{"gui":{"rotation":[-150.0,-45.0,180.0]}},"gui_light":"front"}