{"textures":{"0":"modelengine:entity/em_dskeleton_wizard","particle":"#0"},"elements":[{"from":[6.996,0.996,6.996],"to":[9.004,8.004,9.004],"faces":{"east":{"uv":[4.5075,9.7575,4.7425,10.6175],"tintindex":0,"rotation":0,"texture":"#0"},"south":{"uv":[4.7575,9.7575,4.9925,10.6175],"tintindex":0,"rotation":0,"texture":"#0"},"north":{"uv":[4.2575,9.7575,4.4925,10.6175],"tintindex":0,"rotation":0,"texture":"#0"},"west":{"uv":[5.0075,9.7575,5.2425,10.6175],"tintindex":0,"rotation":0,"texture":"#0"},"up":{"uv":[10.6175,1.3675,10.3825,1.1325],"tintindex":0,"rotation":0,"texture":"#0"},"down":{"uv":[10.6175,1.3825,10.3825,1.6175],"tintindex":0,"rotation":0,"texture":"#0"}}},{"from":[6.89,1.7900006,6.39],"to":[10.11,8.009999,9.61],"faces":{"east":{"uv":[9.0075,3.6325,9.3675,4.3675],"tintindex":0,"rotation":0,"texture":"#0"},"south":{"uv":[4.3825,9.0075,4.7425,9.7425],"tintindex":0,"rotation":0,"texture":"#0"},"north":{"uv":[9.0075,2.8825,9.3675,3.6175],"tintindex":0,"rotation":0,"texture":"#0"},"west":{"uv":[9.0075,4.3825,9.3675,5.1175],"tintindex":0,"rotation":0,"texture":"#0"},"up":{"uv":[10.3675,8.2425,10.0075,7.8825],"tintindex":0,"rotation":0,"texture":"#0"},"down":{"uv":[10.3675,8.2575,10.0075,8.6175],"tintindex":0,"rotation":0,"texture":"#0"}}},{"from":[10.1,7.899999,9.6],"to":[6.9,1.7000002,6.4],"faces":{"east":{"uv":[9.1325,6.6325,9.4925,7.3675],"tintindex":0,"rotation":0,"texture":"#0"},"south":{"uv":[0.5075,9.2575,0.8675,9.9925],"tintindex":0,"rotation":0,"texture":"#0"},"north":{"uv":[5.8825,9.1325,6.2425,9.8675],"tintindex":0,"rotation":0,"texture":"#0"},"west":{"uv":[9.3825,1.3825,9.7425,2.1175],"tintindex":0,"rotation":0,"texture":"#0"},"up":{"uv":[10.4925,2.4925,10.1325,2.1325],"tintindex":0,"rotation":0,"texture":"#0"},"down":{"uv":[10.4925,2.5075,10.1325,2.8675],"tintindex":0,"rotation":0,"texture":"#0"}}}],"display":{"gui":{"rotation":[-150.0,-45.0,180.0]}},"gui_light":"front"}