{"textures":{"0":"modelengine:entity/em_dskeleton_wizard","particle":"#0"},"elements":[{"from":[7.2,8.48369,-7.3843536],"to":[8.8,10.083691,-5.784354],"faces":{"east":{"uv":[10.3825,10.3825,10.6175,10.6175],"tintindex":0,"rotation":0,"texture":"#0"},"south":{"uv":[0.0075,10.5075,0.2425,10.7425],"tintindex":0,"rotation":0,"texture":"#0"},"north":{"uv":[10.3825,10.1325,10.6175,10.3675],"tintindex":0,"rotation":0,"texture":"#0"},"west":{"uv":[10.5075,0.0075,10.7425,0.2425],"tintindex":0,"rotation":0,"texture":"#0"},"up":{"uv":[0.4925,10.7425,0.2575,10.5075],"tintindex":0,"rotation":0,"texture":"#0"},"down":{"uv":[10.7425,0.2575,10.5075,0.4925],"tintindex":0,"rotation":0,"texture":"#0"}},"rotation":{"origin":[8.0,9.28369,-6.5843544],"angle":-45.0,"axis":"x"}},{"from":[7.12,7.1200004,26.32],"to":[8.880001,8.88,28.08],"faces":{"east":{"uv":[10.3825,8.0075,10.6175,8.2425],"tintindex":0,"rotation":0,"texture":"#0"},"south":{"uv":[10.3825,8.2575,10.6175,8.4925],"tintindex":0,"rotation":0,"texture":"#0"},"north":{"uv":[10.3825,7.7575,10.6175,7.9925],"tintindex":0,"rotation":0,"texture":"#0"},"west":{"uv":[10.3825,8.5075,10.6175,8.7425],"tintindex":0,"rotation":0,"texture":"#0"},"up":{"uv":[10.6175,8.9925,10.3825,8.7575],"tintindex":0,"rotation":0,"texture":"#0"},"down":{"uv":[10.6175,9.3825,10.3825,9.6175],"tintindex":0,"rotation":0,"texture":"#0"}},"rotation":{"origin":[8.0,8.0,27.2],"angle":45.0,"axis":"x"}},{"from":[7.2,1.8594689,-9.039709],"to":[8.8,5.8594694,-7.4397087],"faces":{"east":{"uv":[9.8825,9.6325,10.1175,10.2425],"tintindex":0,"rotation":0,"texture":"#0"},"south":{"uv":[10.0075,0.0075,10.2425,0.6175],"tintindex":0,"rotation":0,"texture":"#0"},"north":{"uv":[9.5075,9.8825,9.7425,10.4925],"tintindex":0,"rotation":0,"texture":"#0"},"west":{"uv":[0.5075,10.0075,0.7425,10.6175],"tintindex":0,"rotation":0,"texture":"#0"},"up":{"uv":[10.6175,5.6175,10.3825,5.3825],"tintindex":0,"rotation":0,"texture":"#0"},"down":{"uv":[10.6175,6.6325,10.3825,6.8675],"tintindex":0,"rotation":0,"texture":"#0"}},"rotation":{"origin":[8.0,8.213126,7.65195],"angle":22.5,"axis":"x"}},{"from":[7.204,3.4344053,-3.643134],"to":[8.7960005,5.0264053,-1.2511348],"faces":{"east":{"uv":[9.5075,7.1325,9.8675,7.3675],"tintindex":0,"rotation":0,"texture":"#0"},"south":{"uv":[3.7575,10.3825,3.9925,10.6175],"tintindex":0,"rotation":0,"texture":"#0"},"north":{"uv":[10.3825,3.5075,10.6175,3.7425],"tintindex":0,"rotation":0,"texture":"#0"},"west":{"uv":[10.1325,3.2575,10.4925,3.4925],"tintindex":0,"rotation":0,"texture":"#0"},"up":{"uv":[10.3675,10.4925,10.1325,10.1325],"tintindex":0,"rotation":0,"texture":"#0"},"down":{"uv":[10.4925,0.0075,10.2575,0.3675],"tintindex":0,"rotation":0,"texture":"#0"}},"rotation":{"origin":[8.0,8.213126,7.65195],"angle":22.5,"axis":"x"}},{"from":[7.2,7.2,-2.3999996],"to":[8.8,8.8,27.2],"faces":{"east":{"uv":[0.0075,0.0075,4.6175,0.2425],"tintindex":0,"rotation":0,"texture":"#0"},"south":{"uv":[1.8825,10.3825,2.1175,10.6175],"tintindex":0,"rotation":0,"texture":"#0"},"north":{"uv":[1.6325,10.3825,1.8675,10.6175],"tintindex":0,"rotation":0,"texture":"#0"},"west":{"uv":[0.0075,0.2575,4.6175,0.4925],"tintindex":0,"rotation":0,"texture":"#0"},"up":{"uv":[0.2425,5.1175,0.0075,0.5075],"tintindex":0,"rotation":0,"texture":"#0"},"down":{"uv":[0.4925,0.5075,0.2575,5.1175],"tintindex":0,"rotation":0,"texture":"#0"}}},{"from":[7.204,-4.0405083,-5.3336926],"to":[8.7960005,-2.4485083,-2.141693],"faces":{"east":{"uv":[5.7575,7.6325,6.2425,7.8675],"tintindex":0,"rotation":0,"texture":"#0"},"south":{"uv":[10.3825,7.1325,10.6175,7.3675],"tintindex":0,"rotation":0,"texture":"#0"},"north":{"uv":[10.3825,6.8825,10.6175,7.1175],"tintindex":0,"rotation":0,"texture":"#0"},"west":{"uv":[8.5075,0.7575,8.9925,0.9925],"tintindex":0,"rotation":0,"texture":"#0"},"up":{"uv":[2.7425,6.6175,2.5075,6.1325],"tintindex":0,"rotation":0,"texture":"#0"},"down":{"uv":[9.7425,0.8825,9.5075,1.3675],"tintindex":0,"rotation":0,"texture":"#0"}},"rotation":{"origin":[8.0,8.213126,7.65195],"angle":45.0,"axis":"x"}},{"from":[7.12,7.1200004,-2.48],"to":[8.880001,8.88,3.2799997],"faces":{"east":{"uv":[9.5075,6.6325,10.3675,6.8675],"tintindex":0,"rotation":0,"texture":"#0"},"south":{"uv":[10.3825,9.8825,10.6175,10.1175],"tintindex":0,"rotation":0,"texture":"#0"},"north":{"uv":[10.3825,9.6325,10.6175,9.8675],"tintindex":0,"rotation":0,"texture":"#0"},"west":{"uv":[9.5075,6.8825,10.3675,7.1175],"tintindex":0,"rotation":0,"texture":"#0"},"up":{"uv":[10.1175,3.4925,9.8825,2.6325],"tintindex":0,"rotation":0,"texture":"#0"},"down":{"uv":[3.4925,9.8825,3.2575,10.7425],"tintindex":0,"rotation":0,"texture":"#0"}}},{"from":[7.204,10.830252,-8.665837],"to":[8.7960005,12.422252,-4.6738377],"faces":{"east":{"uv":[6.5075,4.1325,7.1175,4.3675],"tintindex":0,"rotation":0,"texture":"#0"},"south":{"uv":[10.3825,5.1325,10.6175,5.3675],"tintindex":0,"rotation":0,"texture":"#0"},"north":{"uv":[10.3825,4.8825,10.6175,5.1175],"tintindex":0,"rotation":0,"texture":"#0"},"west":{"uv":[9.8825,6.3825,10.4925,6.6175],"tintindex":0,"rotation":0,"texture":"#0"},"up":{"uv":[10.1175,9.6175,9.8825,9.0075],"tintindex":0,"rotation":0,"texture":"#0"},"down":{"uv":[9.4925,9.8825,9.2575,10.4925],"tintindex":0,"rotation":0,"texture":"#0"}}},{"from":[7.2,12.82089,-3.7196035],"to":[8.8,16.82089,-2.119604],"faces":{"east":{"uv":[7.5075,9.8825,7.7425,10.4925],"tintindex":0,"rotation":0,"texture":"#0"},"south":{"uv":[7.7575,9.8825,7.9925,10.4925],"tintindex":0,"rotation":0,"texture":"#0"},"north":{"uv":[7.2575,9.8825,7.4925,10.4925],"tintindex":0,"rotation":0,"texture":"#0"},"west":{"uv":[8.0075,9.8825,8.2425,10.4925],"tintindex":0,"rotation":0,"texture":"#0"},"up":{"uv":[4.2425,10.6175,4.0075,10.3825],"tintindex":0,"rotation":0,"texture":"#0"},"down":{"uv":[10.6175,4.6325,10.3825,4.8675],"tintindex":0,"rotation":0,"texture":"#0"}},"rotation":{"origin":[8.0,8.213126,7.65195],"angle":-22.5,"axis":"x"}}],"display":{"gui":{"rotation":[-150.0,-45.0,180.0]}},"gui_light":"front"}