{"textures":{"0":"modelengine:entity/em_dskeleton_archer","particle":"#0"},"elements":[{"from":[7.0,7.8086586,7.13806],"to":[9.0,10.808659,9.138061],"faces":{"east":{"uv":[4.56625,6.37875,4.68375,6.55875],"tintindex":0,"rotation":0,"texture":"#0"},"south":{"uv":[4.75375,6.37875,4.87125,6.55875],"tintindex":0,"rotation":0,"texture":"#0"},"north":{"uv":[3.19125,2.06625,3.30875,2.24625],"tintindex":0,"rotation":0,"texture":"#0"},"west":{"uv":[5.50375,6.37875,5.62125,6.55875],"tintindex":0,"rotation":0,"texture":"#0"},"up":{"uv":[6.68375,1.18375,6.56625,1.06625],"tintindex":0,"rotation":0,"texture":"#0"},"down":{"uv":[6.68375,1.25375,6.56625,1.37125],"tintindex":0,"rotation":0,"texture":"#0"}},"rotation":{"origin":[8.0,7.8086586,8.638061],"angle":-22.5,"axis":"x"}},{"from":[3.9,9.9625,2.9],"to":[12.1,17.1625,11.1],"faces":{"east":{"uv":[2.25375,3.06625,2.74625,3.49625],"tintindex":0,"rotation":0,"texture":"#0"},"south":{"uv":[1.12875,3.12875,1.62125,3.55875],"tintindex":0,"rotation":0,"texture":"#0"},"north":{"uv":[1.69125,3.06625,2.18375,3.49625],"tintindex":0,"rotation":0,"texture":"#0"},"west":{"uv":[3.19125,0.56625,3.68375,0.99625],"tintindex":0,"rotation":0,"texture":"#0"},"up":{"uv":[3.12125,1.12125,2.62875,0.62875],"tintindex":0,"rotation":0,"texture":"#0"},"down":{"uv":[3.12125,1.19125,2.62875,1.68375],"tintindex":0,"rotation":0,"texture":"#0"}}},{"from":[3.77,7.8325,2.77],"to":[12.23,17.2925,11.23],"faces":{"east":{"uv":[2.06625,0.62875,2.55875,1.18375],"tintindex":0,"rotation":0,"texture":"#0"},"south":{"uv":[2.06625,1.25375,2.55875,1.80875],"tintindex":0,"rotation":0,"texture":"#0"},"north":{"uv":[1.50375,1.87875,1.99625,2.43375],"tintindex":0,"rotation":0,"texture":"#0"},"west":{"uv":[2.06625,1.87875,2.55875,2.43375],"tintindex":0,"rotation":0,"texture":"#0"},"up":{"uv":[3.30875,2.80875,2.81625,2.31625],"tintindex":0,"rotation":0,"texture":"#0"},"down":{"uv":[3.30875,2.87875,2.81625,3.37125],"tintindex":0,"rotation":0,"texture":"#0"}}},{"from":[12.23,17.2925,11.23],"to":[3.77,7.8325,2.77],"faces":{"east":{"uv":[0.00375,2.31625,0.49625,2.87125],"tintindex":0,"rotation":0,"texture":"#0"},"south":{"uv":[0.56625,2.31625,1.05875,2.87125],"tintindex":0,"rotation":0,"texture":"#0"},"north":{"uv":[2.25375,0.00375,2.74625,0.55875],"tintindex":0,"rotation":0,"texture":"#0"},"west":{"uv":[1.12875,2.50375,1.62125,3.05875],"tintindex":0,"rotation":0,"texture":"#0"},"up":{"uv":[0.49625,3.43375,0.00375,2.94125],"tintindex":0,"rotation":0,"texture":"#0"},"down":{"uv":[1.05875,2.94125,0.56625,3.43375],"tintindex":0,"rotation":0,"texture":"#0"}}},{"from":[12.0,17.0,11.0],"to":[4.0,8.0,3.0],"faces":{"east":{"uv":[1.69125,0.00375,2.18375,0.55875],"tintindex":0,"rotation":0,"texture":"#0"},"south":{"uv":[0.37875,1.69125,0.87125,2.24625],"tintindex":0,"rotation":0,"texture":"#0"},"north":{"uv":[1.50375,1.25375,1.99625,1.80875],"tintindex":0,"rotation":0,"texture":"#0"},"west":{"uv":[0.94125,1.69125,1.43375,2.24625],"tintindex":0,"rotation":0,"texture":"#0"},"up":{"uv":[3.12125,2.24625,2.62875,1.75375],"tintindex":0,"rotation":0,"texture":"#0"},"down":{"uv":[3.30875,0.00375,2.81625,0.49625],"tintindex":0,"rotation":0,"texture":"#0"}}},{"from":[4.0,8.0,3.0],"to":[12.0,17.0,11.0],"faces":{"east":{"uv":[0.94125,1.06625,1.43375,1.62125],"tintindex":0,"rotation":0,"texture":"#0"},"south":{"uv":[1.12875,0.00375,1.62125,0.55875],"tintindex":0,"rotation":0,"texture":"#0"},"north":{"uv":[0.37875,1.06625,0.87125,1.62125],"tintindex":0,"rotation":0,"texture":"#0"},"west":{"uv":[1.50375,0.62875,1.99625,1.18375],"tintindex":0,"rotation":0,"texture":"#0"},"up":{"uv":[2.18375,2.99625,1.69125,2.50375],"tintindex":0,"rotation":0,"texture":"#0"},"down":{"uv":[2.74625,2.50375,2.25375,2.99625],"tintindex":0,"rotation":0,"texture":"#0"}}}],"display":{"gui":{"rotation":[-150.0,-45.0,180.0]}},"gui_light":"front"}