{"textures":{"0":"modelengine:entity/em_dskeleton_archer","particle":"#0"},"elements":[{"from":[6.996,0.996,6.996],"to":[9.004,8.004,9.004],"faces":{"east":{"uv":[0.37875,4.75375,0.49625,5.18375],"tintindex":0,"rotation":0,"texture":"#0"},"south":{"uv":[2.50375,4.75375,2.62125,5.18375],"tintindex":0,"rotation":0,"texture":"#0"},"north":{"uv":[2.81625,4.69125,2.93375,5.12125],"tintindex":0,"rotation":0,"texture":"#0"},"west":{"uv":[3.00375,4.75375,3.12125,5.18375],"tintindex":0,"rotation":0,"texture":"#0"},"up":{"uv":[2.74625,2.43375,2.62875,2.31625],"tintindex":0,"rotation":0,"texture":"#0"},"down":{"uv":[5.80875,6.37875,5.69125,6.49625],"tintindex":0,"rotation":0,"texture":"#0"}}},{"from":[6.7,0.7,6.7],"to":[9.3,8.3,9.3],"faces":{"east":{"uv":[2.31625,5.00375,2.43375,5.43375],"tintindex":0,"rotation":0,"texture":"#0"},"south":{"uv":[5.00375,2.56625,5.12125,2.99625],"tintindex":0,"rotation":0,"texture":"#0"},"north":{"uv":[2.12875,5.00375,2.24625,5.43375],"tintindex":0,"rotation":0,"texture":"#0"},"west":{"uv":[5.00375,3.06625,5.12125,3.49625],"tintindex":0,"rotation":0,"texture":"#0"},"up":{"uv":[1.30875,6.62125,1.19125,6.50375],"tintindex":0,"rotation":0,"texture":"#0"},"down":{"uv":[1.49625,6.50375,1.37875,6.62125],"tintindex":0,"rotation":0,"texture":"#0"}}}],"display":{"gui":{"rotation":[-150.0,-45.0,180.0]}},"gui_light":"front"}