{"textures":{"0":"modelengine:entity/em_dskeleton_archer","particle":"#0"},"elements":[{"from":[7.0,1.0,7.0],"to":[9.0,9.0,9.0],"faces":{"east":{"uv":[4.37875,4.50375,4.49625,4.99625],"tintindex":0,"rotation":0,"texture":"#0"},"south":{"uv":[4.56625,4.50375,4.68375,4.99625],"tintindex":0,"rotation":0,"texture":"#0"},"north":{"uv":[1.00375,4.31625,1.12125,4.80875],"tintindex":0,"rotation":0,"texture":"#0"},"west":{"uv":[0.62875,4.69125,0.74625,5.18375],"tintindex":0,"rotation":0,"texture":"#0"},"up":{"uv":[3.30875,6.55875,3.19125,6.44125],"tintindex":0,"rotation":0,"texture":"#0"},"down":{"uv":[3.49625,6.44125,3.37875,6.55875],"tintindex":0,"rotation":0,"texture":"#0"}}},{"from":[6.8,0.8,6.8],"to":[9.2,8.2,9.2],"faces":{"east":{"uv":[5.12875,0.00375,5.24625,0.43375],"tintindex":0,"rotation":0,"texture":"#0"},"south":{"uv":[5.12875,0.50375,5.24625,0.93375],"tintindex":0,"rotation":0,"texture":"#0"},"north":{"uv":[4.50375,5.06625,4.62125,5.49625],"tintindex":0,"rotation":0,"texture":"#0"},"west":{"uv":[5.12875,4.06625,5.24625,4.49625],"tintindex":0,"rotation":0,"texture":"#0"},"up":{"uv":[2.55875,6.62125,2.44125,6.50375],"tintindex":0,"rotation":0,"texture":"#0"},"down":{"uv":[2.74625,6.50375,2.62875,6.62125],"tintindex":0,"rotation":0,"texture":"#0"}}}],"display":{"gui":{"rotation":[-150.0,-45.0,180.0]}},"gui_light":"front"}