{"textures":{"0":"modelengine:entity/em_dskeleton_archer","particle":"#0"},"elements":[{"from":[6.0,2.0,7.0],"to":[8.0,9.0,9.0],"faces":{"east":{"uv":[3.75375,4.87875,3.87125,5.30875],"tintindex":0,"rotation":0,"texture":"#0"},"south":{"uv":[3.94125,4.87875,4.05875,5.30875],"tintindex":0,"rotation":0,"texture":"#0"},"north":{"uv":[3.56625,4.87875,3.68375,5.30875],"tintindex":0,"rotation":0,"texture":"#0"},"west":{"uv":[4.12875,4.87875,4.24625,5.30875],"tintindex":0,"rotation":0,"texture":"#0"},"up":{"uv":[6.55875,5.93375,6.44125,5.81625],"tintindex":0,"rotation":0,"texture":"#0"},"down":{"uv":[6.55875,6.00375,6.44125,6.12125],"tintindex":0,"rotation":0,"texture":"#0"}}},{"from":[5.75,1.7999992,6.75],"to":[8.25,9.299999,9.25],"faces":{"east":{"uv":[2.50375,5.25375,2.62125,5.68375],"tintindex":0,"rotation":0,"texture":"#0"},"south":{"uv":[2.87875,5.25375,2.99625,5.68375],"tintindex":0,"rotation":0,"texture":"#0"},"north":{"uv":[1.56625,5.25375,1.68375,5.68375],"tintindex":0,"rotation":0,"texture":"#0"},"west":{"uv":[3.06625,5.25375,3.18375,5.68375],"tintindex":0,"rotation":0,"texture":"#0"},"up":{"uv":[0.12125,6.68375,0.00375,6.56625],"tintindex":0,"rotation":0,"texture":"#0"},"down":{"uv":[0.30875,6.56625,0.19125,6.68375],"tintindex":0,"rotation":0,"texture":"#0"}}}],"display":{"gui":{"rotation":[-150.0,-45.0,180.0]}},"gui_light":"front"}