{"textures":{"0":"modelengine:entity/em_dskeleton_archer","particle":"#0"},"elements":[{"from":[8.0,5.549999,6.5],"to":[11.0,9.549999,9.5],"faces":{"east":{"uv":[5.50375,4.31625,5.68375,4.55875],"tintindex":0,"rotation":0,"texture":"#0"},"south":{"uv":[5.50375,4.62875,5.68375,4.87125],"tintindex":0,"rotation":0,"texture":"#0"},"north":{"uv":[2.25375,5.50375,2.43375,5.74625],"tintindex":0,"rotation":0,"texture":"#0"},"west":{"uv":[4.69125,5.50375,4.87125,5.74625],"tintindex":0,"rotation":0,"texture":"#0"},"up":{"uv":[0.18375,6.37125,0.00375,6.19125],"tintindex":0,"rotation":0,"texture":"#0"},"down":{"uv":[0.43375,6.19125,0.25375,6.37125],"tintindex":0,"rotation":0,"texture":"#0"}}},{"from":[7.75,1.7999992,6.75],"to":[10.25,9.299999,9.25],"faces":{"east":{"uv":[5.31625,0.50375,5.43375,0.93375],"tintindex":0,"rotation":0,"texture":"#0"},"south":{"uv":[5.31625,4.06625,5.43375,4.49625],"tintindex":0,"rotation":0,"texture":"#0"},"north":{"uv":[5.31625,0.00375,5.43375,0.43375],"tintindex":0,"rotation":0,"texture":"#0"},"west":{"uv":[5.31625,4.56625,5.43375,4.99625],"tintindex":0,"rotation":0,"texture":"#0"},"up":{"uv":[6.68375,0.30875,6.56625,0.19125],"tintindex":0,"rotation":0,"texture":"#0"},"down":{"uv":[6.68375,0.37875,6.56625,0.49625],"tintindex":0,"rotation":0,"texture":"#0"}}},{"from":[8.0,2.0,7.0],"to":[10.0,9.0,9.0],"faces":{"east":{"uv":[4.94125,0.50375,5.05875,0.93375],"tintindex":0,"rotation":0,"texture":"#0"},"south":{"uv":[1.75375,4.94125,1.87125,5.37125],"tintindex":0,"rotation":0,"texture":"#0"},"north":{"uv":[4.94125,0.00375,5.05875,0.43375],"tintindex":0,"rotation":0,"texture":"#0"},"west":{"uv":[1.94125,4.94125,2.05875,5.37125],"tintindex":0,"rotation":0,"texture":"#0"},"up":{"uv":[6.18375,6.55875,6.06625,6.44125],"tintindex":0,"rotation":0,"texture":"#0"},"down":{"uv":[6.55875,6.19125,6.44125,6.30875],"tintindex":0,"rotation":0,"texture":"#0"}}}],"display":{"gui":{"rotation":[-150.0,-45.0,180.0]}},"gui_light":"front"}