{"textures":{"0":"modelengine:entity/em_dskeleton_archer","particle":"#0"},"elements":[{"from":[7.0,1.0,7.0],"to":[9.0,9.0,9.0],"faces":{"east":{"uv":[1.19125,4.69125,1.30875,5.18375],"tintindex":0,"rotation":0,"texture":"#0"},"south":{"uv":[1.37875,4.69125,1.49625,5.18375],"tintindex":0,"rotation":0,"texture":"#0"},"north":{"uv":[0.81625,4.69125,0.93375,5.18375],"tintindex":0,"rotation":0,"texture":"#0"},"west":{"uv":[1.56625,4.69125,1.68375,5.18375],"tintindex":0,"rotation":0,"texture":"#0"},"up":{"uv":[6.55875,5.05875,6.44125,4.94125],"tintindex":0,"rotation":0,"texture":"#0"},"down":{"uv":[6.55875,5.12875,6.44125,5.24625],"tintindex":0,"rotation":0,"texture":"#0"}}},{"from":[6.8,0.8,6.8],"to":[9.2,8.2,9.2],"faces":{"east":{"uv":[5.12875,5.06625,5.24625,5.49625],"tintindex":0,"rotation":0,"texture":"#0"},"south":{"uv":[5.19125,2.06625,5.30875,2.49625],"tintindex":0,"rotation":0,"texture":"#0"},"north":{"uv":[5.12875,4.56625,5.24625,4.99625],"tintindex":0,"rotation":0,"texture":"#0"},"west":{"uv":[5.19125,2.56625,5.30875,2.99625],"tintindex":0,"rotation":0,"texture":"#0"},"up":{"uv":[6.62125,2.74625,6.50375,2.62875],"tintindex":0,"rotation":0,"texture":"#0"},"down":{"uv":[6.62125,2.81625,6.50375,2.93375],"tintindex":0,"rotation":0,"texture":"#0"}}}],"display":{"gui":{"rotation":[-150.0,-45.0,180.0]}},"gui_light":"front"}