{"textures":{"0":"modelengine:entity/em_dskeleton_archer","particle":"#0"},"elements":[{"from":[6.4192095,-4.38062,8.0],"to":[9.586378,8.49638,8.0],"faces":{"south":{"uv":[0.37875,0.00375,0.68375,0.99625],"tintindex":0,"rotation":0,"texture":"#0"},"north":{"uv":[0.00375,0.00375,0.30875,0.99625],"tintindex":0,"rotation":0,"texture":"#0"}}},{"from":[8.002794,-4.38062,6.4164157],"to":[8.002794,8.49638,9.583584],"faces":{"east":{"uv":[0.75375,0.00375,1.05875,0.99625],"tintindex":0,"rotation":0,"texture":"#0"},"west":{"uv":[0.00375,1.06625,0.30875,2.05875],"tintindex":0,"rotation":0,"texture":"#0"}}},{"from":[6.4192095,7.792454,6.4164157],"to":[9.586378,7.792454,9.583584],"faces":{"up":{"uv":[1.43375,0.93375,1.12875,0.62875],"tintindex":0,"rotation":0,"texture":"#0"},"down":{"uv":[0.93375,4.31625,0.62875,4.62125],"tintindex":0,"rotation":0,"texture":"#0"}}}],"display":{"gui":{"rotation":[-150.0,-45.0,180.0]}},"gui_light":"front"}