{"textures":{"0":"modelengine:entity/em_dskeleton_archer","particle":"#0"},"elements":[{"from":[6.996,0.996,6.996],"to":[9.004,8.004,9.004],"faces":{"east":{"uv":[0.00375,5.00375,0.12125,5.43375],"tintindex":0,"rotation":0,"texture":"#0"},"south":{"uv":[0.19125,5.00375,0.30875,5.43375],"tintindex":0,"rotation":0,"texture":"#0"},"north":{"uv":[4.94125,4.50375,5.05875,4.93375],"tintindex":0,"rotation":0,"texture":"#0"},"west":{"uv":[5.00375,2.06625,5.12125,2.49625],"tintindex":0,"rotation":0,"texture":"#0"},"up":{"uv":[6.55875,6.49625,6.44125,6.37875],"tintindex":0,"rotation":0,"texture":"#0"},"down":{"uv":[0.87125,6.50375,0.75375,6.62125],"tintindex":0,"rotation":0,"texture":"#0"}}},{"from":[6.7,0.7,6.7],"to":[9.3,8.3,9.3],"faces":{"east":{"uv":[4.75375,5.00375,4.87125,5.43375],"tintindex":0,"rotation":0,"texture":"#0"},"south":{"uv":[4.94125,5.00375,5.05875,5.43375],"tintindex":0,"rotation":0,"texture":"#0"},"north":{"uv":[5.00375,3.56625,5.12125,3.99625],"tintindex":0,"rotation":0,"texture":"#0"},"west":{"uv":[4.31625,5.06625,4.43375,5.49625],"tintindex":0,"rotation":0,"texture":"#0"},"up":{"uv":[1.68375,6.62125,1.56625,6.50375],"tintindex":0,"rotation":0,"texture":"#0"},"down":{"uv":[6.62125,1.94125,6.50375,2.05875],"tintindex":0,"rotation":0,"texture":"#0"}}}],"display":{"gui":{"rotation":[-150.0,-45.0,180.0]}},"gui_light":"front"}