{"textures":{"0":"modelengine:entity/em_bandit_a1","particle":"#0"},"elements":[{"from":[10.374349,12.079008,5.098214],"to":[11.374349,15.079008,6.098214],"faces":{"east":{"uv":[6.5,9.5,6.625,9.875],"tintindex":0,"rotation":0,"texture":"#0"},"south":{"uv":[6.75,9.5,6.875,9.875],"tintindex":0,"rotation":0,"texture":"#0"},"north":{"uv":[1.0,9.5,1.125,9.875],"tintindex":0,"rotation":0,"texture":"#0"},"west":{"uv":[1.5,9.625,1.625,10.0],"tintindex":0,"rotation":0,"texture":"#0"},"up":{"uv":[3.375,10.125,3.25,10.0],"tintindex":0,"rotation":0,"texture":"#0"},"down":{"uv":[10.125,3.5,10.0,3.625],"tintindex":0,"rotation":0,"texture":"#0"}},"rotation":{"origin":[8.374349,13.579008,7.098214],"angle":-22.5,"axis":"z"}},{"from":[3.8743482,8.079008,10.098214],"to":[6.8743486,12.079008,11.098214],"faces":{"east":{"uv":[5.625,9.25,5.75,9.75],"tintindex":0,"rotation":0,"texture":"#0"},"south":{"uv":[0.5,8.0,0.875,8.5],"tintindex":0,"rotation":0,"texture":"#0"},"north":{"uv":[0.0,8.0,0.375,8.5],"tintindex":0,"rotation":0,"texture":"#0"},"west":{"uv":[7.125,9.25,7.25,9.75],"tintindex":0,"rotation":0,"texture":"#0"},"up":{"uv":[4.875,9.625,4.5,9.5],"tintindex":0,"rotation":0,"texture":"#0"},"down":{"uv":[5.375,9.5,5.0,9.625],"tintindex":0,"rotation":0,"texture":"#0"}}},{"from":[5.946597,13.256189,5.098214],"to":[6.9465976,16.25619,6.098214],"faces":{"east":{"uv":[8.625,9.625,8.75,10.0],"tintindex":0,"rotation":0,"texture":"#0"},"south":{"uv":[8.875,9.625,9.0,10.0],"tintindex":0,"rotation":0,"texture":"#0"},"north":{"uv":[8.375,9.625,8.5,10.0],"tintindex":0,"rotation":0,"texture":"#0"},"west":{"uv":[9.625,8.875,9.75,9.25],"tintindex":0,"rotation":0,"texture":"#0"},"up":{"uv":[4.5,10.125,4.375,10.0],"tintindex":0,"rotation":0,"texture":"#0"},"down":{"uv":[10.125,5.375,10.0,5.5],"tintindex":0,"rotation":0,"texture":"#0"}},"rotation":{"origin":[6.4465976,14.756189,5.598214],"angle":-22.5,"axis":"z"}},{"from":[8.374349,12.079008,5.098214],"to":[9.374349,15.079008,6.098214],"faces":{"east":{"uv":[9.625,2.0,9.75,2.375],"tintindex":0,"rotation":0,"texture":"#0"},"south":{"uv":[7.375,9.625,7.5,10.0],"tintindex":0,"rotation":0,"texture":"#0"},"north":{"uv":[1.75,9.625,1.875,10.0],"tintindex":0,"rotation":0,"texture":"#0"},"west":{"uv":[8.125,9.625,8.25,10.0],"tintindex":0,"rotation":0,"texture":"#0"},"up":{"uv":[4.0,10.125,3.875,10.0],"tintindex":0,"rotation":0,"texture":"#0"},"down":{"uv":[4.25,10.0,4.125,10.125],"tintindex":0,"rotation":0,"texture":"#0"}},"rotation":{"origin":[8.374349,13.579008,7.098214],"angle":-22.5,"axis":"z"}},{"from":[0.99892914,15.102026,5.948214],"to":[8.298929,16.402025,11.248214],"faces":{"east":{"uv":[9.0,1.5,9.625,1.625],"tintindex":0,"rotation":0,"texture":"#0"},"south":{"uv":[0.0,8.625,0.875,8.75],"tintindex":0,"rotation":0,"texture":"#0"},"north":{"uv":[4.5,2.0,5.375,2.125],"tintindex":0,"rotation":0,"texture":"#0"},"west":{"uv":[9.0,1.75,9.625,1.875],"tintindex":0,"rotation":0,"texture":"#0"},"up":{"uv":[0.875,4.75,0.0,4.125],"tintindex":0,"rotation":0,"texture":"#0"},"down":{"uv":[3.75,4.25,2.875,4.875],"tintindex":0,"rotation":0,"texture":"#0"}},"rotation":{"origin":[5.6489296,15.752026,8.098214],"angle":-45.0,"axis":"z"}},{"from":[4.8743486,10.079008,11.098214],"to":[5.8743486,11.079008,11.348214],"faces":{"east":{"uv":[1.0,10.0,1.125,10.125],"tintindex":0,"rotation":0,"texture":"#0"},"south":{"uv":[10.0,1.0,10.125,1.125],"tintindex":0,"rotation":0,"texture":"#0"},"north":{"uv":[10.0,0.75,10.125,0.875],"tintindex":0,"rotation":0,"texture":"#0"},"west":{"uv":[10.0,1.25,10.125,1.375],"tintindex":0,"rotation":0,"texture":"#0"},"up":{"uv":[10.125,1.625,10.0,1.5],"tintindex":0,"rotation":0,"texture":"#0"},"down":{"uv":[2.125,10.0,2.0,10.125],"tintindex":0,"rotation":0,"texture":"#0"}}},{"from":[3.970364,8.079008,6.098214],"to":[11.970365,13.079008,10.098214],"faces":{"east":{"uv":[6.125,3.125,6.625,3.75],"tintindex":0,"rotation":0,"texture":"#0"},"south":{"uv":[3.375,1.5,4.375,2.125],"tintindex":0,"rotation":0,"texture":"#0"},"north":{"uv":[3.375,0.75,4.375,1.375],"tintindex":0,"rotation":0,"texture":"#0"},"west":{"uv":[5.125,6.125,5.625,6.75],"tintindex":0,"rotation":0,"texture":"#0"},"up":{"uv":[5.375,4.0,4.375,3.5],"tintindex":0,"rotation":0,"texture":"#0"},"down":{"uv":[5.5,0.75,4.5,1.25],"tintindex":0,"rotation":0,"texture":"#0"}}},{"from":[11.874349,8.079008,6.098214],"to":[12.874348,11.079008,10.098214],"faces":{"east":{"uv":[7.625,4.75,8.125,5.125],"tintindex":0,"rotation":0,"texture":"#0"},"south":{"uv":[6.25,9.375,6.375,9.75],"tintindex":0,"rotation":0,"texture":"#0"},"north":{"uv":[2.5,9.375,2.625,9.75],"tintindex":0,"rotation":0,"texture":"#0"},"west":{"uv":[7.625,5.625,8.125,6.0],"tintindex":0,"rotation":0,"texture":"#0"},"up":{"uv":[2.875,9.625,2.75,9.125],"tintindex":0,"rotation":0,"texture":"#0"},"down":{"uv":[1.375,9.25,1.25,9.75],"tintindex":0,"rotation":0,"texture":"#0"}}},{"from":[7.2293487,12.934008,8.953214],"to":[10.519349,14.224009,11.243215],"faces":{"east":{"uv":[9.75,6.5,10.0,6.625],"tintindex":0,"rotation":0,"texture":"#0"},"south":{"uv":[9.625,2.5,10.0,2.625],"tintindex":0,"rotation":0,"texture":"#0"},"north":{"uv":[9.5,5.5,9.875,5.625],"tintindex":0,"rotation":0,"texture":"#0"},"west":{"uv":[7.625,9.75,7.875,9.875],"tintindex":0,"rotation":0,"texture":"#0"},"up":{"uv":[7.625,9.125,7.25,8.875],"tintindex":0,"rotation":0,"texture":"#0"},"down":{"uv":[9.25,8.5,8.875,8.75],"tintindex":0,"rotation":0,"texture":"#0"}},"rotation":{"origin":[8.374349,13.579008,9.098214],"angle":-22.5,"axis":"z"}},{"from":[3.724348,7.929008,5.948214],"to":[12.024348,9.229008,10.248214],"faces":{"east":{"uv":[9.25,7.125,9.75,7.25],"tintindex":0,"rotation":0,"texture":"#0"},"south":{"uv":[2.125,8.5,3.125,8.625],"tintindex":0,"rotation":0,"texture":"#0"},"north":{"uv":[8.25,5.875,9.25,6.0],"tintindex":0,"rotation":0,"texture":"#0"},"west":{"uv":[9.25,7.375,9.75,7.5],"tintindex":0,"rotation":0,"texture":"#0"},"up":{"uv":[5.5,1.875,4.5,1.375],"tintindex":0,"rotation":0,"texture":"#0"},"down":{"uv":[5.75,0.0,4.75,0.5],"tintindex":0,"rotation":0,"texture":"#0"}}},{"from":[2.970364,13.079008,6.098214],"to":[12.970364,19.079008,11.098214],"faces":{"east":{"uv":[0.0,4.875,0.625,5.625],"tintindex":0,"rotation":0,"texture":"#0"},"south":{"uv":[2.25,3.125,3.5,3.875],"tintindex":0,"rotation":0,"texture":"#0"},"north":{"uv":[2.25,2.25,3.5,3.0],"tintindex":0,"rotation":0,"texture":"#0"},"west":{"uv":[3.875,4.875,4.5,5.625],"tintindex":0,"rotation":0,"texture":"#0"},"up":{"uv":[1.25,4.0,0.0,3.375],"tintindex":0,"rotation":0,"texture":"#0"},"down":{"uv":[4.625,0.0,3.375,0.625],"tintindex":0,"rotation":0,"texture":"#0"}}},{"from":[6.8743486,6.079008,6.098214],"to":[8.874349,8.079008,10.098214],"faces":{"east":{"uv":[4.0,8.375,4.5,8.625],"tintindex":0,"rotation":0,"texture":"#0"},"south":{"uv":[7.75,9.375,8.0,9.625],"tintindex":0,"rotation":0,"texture":"#0"},"north":{"uv":[5.875,9.375,6.125,9.625],"tintindex":0,"rotation":0,"texture":"#0"},"west":{"uv":[6.25,8.375,6.75,8.625],"tintindex":0,"rotation":0,"texture":"#0"},"up":{"uv":[7.125,8.875,6.875,8.375],"tintindex":0,"rotation":0,"texture":"#0"},"down":{"uv":[8.0,8.375,7.75,8.875],"tintindex":0,"rotation":0,"texture":"#0"}}},{"from":[7.2283487,12.933008,5.9522142],"to":[12.520348,14.225008,10.244214],"faces":{"east":{"uv":[9.25,8.125,9.75,8.25],"tintindex":0,"rotation":0,"texture":"#0"},"south":{"uv":[9.0,1.25,9.625,1.375],"tintindex":0,"rotation":0,"texture":"#0"},"north":{"uv":[9.0,1.0,9.625,1.125],"tintindex":0,"rotation":0,"texture":"#0"},"west":{"uv":[1.5,9.375,2.0,9.5],"tintindex":0,"rotation":0,"texture":"#0"},"up":{"uv":[6.5,0.5,5.875,0.0],"tintindex":0,"rotation":0,"texture":"#0"},"down":{"uv":[6.875,0.625,6.25,1.125],"tintindex":0,"rotation":0,"texture":"#0"}},"rotation":{"origin":[8.374349,13.579008,8.098214],"angle":-22.5,"axis":"z"}},{"from":[6.8743486,7.329008,5.348214],"to":[8.874349,9.329008,5.848214],"faces":{"east":{"uv":[9.75,7.625,9.875,7.875],"tintindex":0,"rotation":0,"texture":"#0"},