{"textures":{"0":"modelengine:entity/em_dskeleton_halberdier","particle":"#0"},"elements":[{"from":[3.9,9.9625,1.9],"to":[12.1,17.1625,10.1],"faces":{"east":{"uv":[4.0075,0.8825,4.9925,1.7425],"tintindex":0,"rotation":0,"texture":"#0"},"south":{"uv":[4.0075,1.7575,4.9925,2.6175],"tintindex":0,"rotation":0,"texture":"#0"},"north":{"uv":[4.0075,0.0075,4.9925,0.8675],"tintindex":0,"rotation":0,"texture":"#0"},"west":{"uv":[4.0075,2.6325,4.9925,3.4925],"tintindex":0,"rotation":0,"texture":"#0"},"up":{"uv":[3.9925,4.1175,3.0075,3.1325],"tintindex":0,"rotation":0,"texture":"#0"},"down":{"uv":[0.9925,3.3825,0.0075,4.3675],"tintindex":0,"rotation":0,"texture":"#0"}}},{"from":[12.0,17.0,10.0],"to":[4.0,8.0,2.0],"faces":{"east":{"uv":[1.0075,2.2575,1.9925,3.3675],"tintindex":0,"rotation":0,"texture":"#0"},"south":{"uv":[2.0075,2.2575,2.9925,3.3675],"tintindex":0,"rotation":0,"texture":"#0"},"north":{"uv":[0.0075,2.2575,0.9925,3.3675],"tintindex":0,"rotation":0,"texture":"#0"},"west":{"uv":[3.0075,0.0075,3.9925,1.1175],"tintindex":0,"rotation":0,"texture":"#0"},"up":{"uv":[1.9925,4.3675,1.0075,3.3825],"tintindex":0,"rotation":0,"texture":"#0"},"down":{"uv":[2.9925,3.3825,2.0075,4.3675],"tintindex":0,"rotation":0,"texture":"#0"}}},{"from":[4.0,8.0,2.0],"to":[12.0,17.0,10.0],"faces":{"east":{"uv":[1.0075,1.1325,1.9925,2.2425],"tintindex":0,"rotation":0,"texture":"#0"},"south":{"uv":[2.0075,0.0075,2.9925,1.1175],"tintindex":0,"rotation":0,"texture":"#0"},"north":{"uv":[0.0075,1.1325,0.9925,2.2425],"tintindex":0,"rotation":0,"texture":"#0"},"west":{"uv":[2.0075,1.1325,2.9925,2.2425],"tintindex":0,"rotation":0,"texture":"#0"},"up":{"uv":[3.9925,2.1175,3.0075,1.1325],"tintindex":0,"rotation":0,"texture":"#0"},"down":{"uv":[3.9925,2.1325,3.0075,3.1175],"tintindex":0,"rotation":0,"texture":"#0"}}},{"from":[7.0,7.8086586,7.13806],"to":[9.0,10.808659,9.138061],"faces":{"east":{"uv":[2.875,6.25,3.0,6.625],"tintindex":0,"rotation":0,"texture":"#0"},"south":{"uv":[4.125,8.125,4.375,8.5],"tintindex":0,"rotation":0,"texture":"#0"},"north":{"uv":[3.75,9.75,4.0,10.125],"tintindex":0,"rotation":0,"texture":"#0"},"west":{"uv":[1.875,7.125,2.0,7.5],"tintindex":0,"rotation":0,"texture":"#0"},"up":{"uv":[9.0,8.75,8.75,8.625],"tintindex":0,"rotation":0,"texture":"#0"},"down":{"uv":[9.0,8.75,8.75,8.875],"tintindex":0,"rotation":0,"texture":"#0"}},"rotation":{"origin":[8.0,7.8086586,8.638061],"angle":-22.5,"axis":"x"}}],"display":{"gui":{"rotation":[-150.0,-45.0,180.0]}},"gui_light":"front"}