{"textures":{"0":"modelengine:entity/em_dskeleton_halberdier","particle":"#0"},"elements":[{"from":[9.995,8.495,8.6449995],"to":[6.005,5.505,3.6550002],"faces":{"east":{"uv":[6.8825,7.1325,7.4925,7.4925],"tintindex":0,"rotation":0,"texture":"#0"},"south":{"uv":[5.1325,8.1325,5.6175,8.4925],"tintindex":0,"rotation":0,"texture":"#0"},"north":{"uv":[4.6325,8.1325,5.1175,8.4925],"tintindex":0,"rotation":0,"texture":"#0"},"west":{"uv":[7.2575,2.2575,7.8675,2.6175],"tintindex":0,"rotation":0,"texture":"#0"},"up":{"uv":[0.9925,7.3675,0.5075,6.7575],"tintindex":0,"rotation":0,"texture":"#0"},"down":{"uv":[7.2425,2.5075,6.7575,3.1175],"tintindex":0,"rotation":0,"texture":"#0"}}},{"from":[6.005,5.505,3.6550002],"to":[9.995,8.495,8.6449995],"faces":{"east":{"uv":[7.0075,6.7575,7.6175,7.1175],"tintindex":0,"rotation":0,"texture":"#0"},"south":{"uv":[7.5075,4.3825,7.9925,4.7425],"tintindex":0,"rotation":0,"texture":"#0"},"north":{"uv":[7.3825,1.7575,7.8675,2.1175],"tintindex":0,"rotation":0,"texture":"#0"},"west":{"uv":[1.0075,7.1325,1.6175,7.4925],"tintindex":0,"rotation":0,"texture":"#0"},"up":{"uv":[6.9925,6.9925,6.5075,6.3825],"tintindex":0,"rotation":0,"texture":"#0"},"down":{"uv":[4.4925,6.6325,4.0075,7.2425],"tintindex":0,"rotation":0,"texture":"#0"}}}],"display":{"gui":{"rotation":[-150.0,-45.0,180.0]}},"gui_light":"front"}