{"textures":{"0":"modelengine:entity/slime_king","particle":"#0"},"elements":[{"from":[-1.6144228,9.768077,0.7940388],"to":[17.070578,19.868076,17.459038],"faces":{"east":{"uv":[2.0625,6.6875,3.125,7.3125],"tintindex":0,"rotation":0,"texture":"#0"},"south":{"uv":[6.3125,3.125,7.5,3.75],"tintindex":0,"rotation":0,"texture":"#0"},"north":{"uv":[6.3125,3.125,7.5,3.75],"tintindex":0,"rotation":0,"texture":"#0"},"west":{"uv":[3.1875,6.6875,4.25,7.3125],"tintindex":0,"rotation":0,"texture":"#0"},"up":{"uv":[6.5,6.8125,5.3125,5.75],"tintindex":0,"rotation":0,"texture":"#0"},"down":{"uv":[6.5,6.8125,5.3125,5.75],"tintindex":0,"rotation":0,"texture":"#0"}}},{"from":[-8.684423,7.748077,-6.780962],"to":[24.140575,22.898077,24.024038],"faces":{"east":{"uv":[0.0,4.5,2.0625,5.4375],"tintindex":0,"rotation":0,"texture":"#0"},"south":{"uv":[0.0,4.5,2.0625,5.4375],"tintindex":0,"rotation":0,"texture":"#0"},"north":{"uv":[0.0,4.5,2.0625,5.4375],"tintindex":0,"rotation":0,"texture":"#0"},"west":{"uv":[0.0,4.5,2.0625,5.4375],"tintindex":0,"rotation":0,"texture":"#0"},"up":{"uv":[4.4375,1.9375,2.375,0.0],"tintindex":0,"rotation":0,"texture":"#0"},"down":{"uv":[4.4375,2.0,2.375,3.9375],"tintindex":0,"rotation":0,"texture":"#0"}}},{"from":[-9.694424,8.633077,10.389038],"to":[4.4455767,18.228077,25.034039],"faces":{"east":{"uv":[4.3125,6.6875,5.25,7.3125],"tintindex":0,"rotation":0,"texture":"#0"},"south":{"uv":[7.25,3.8125,8.125,4.4375],"tintindex":0,"rotation":0,"texture":"#0"},"north":{"uv":[5.3125,6.875,6.1875,7.5],"tintindex":0,"rotation":0,"texture":"#0"},"west":{"uv":[6.5625,6.75,7.5,7.375],"tintindex":0,"rotation":0,"texture":"#0"},"up":{"uv":[7.375,3.0625,6.5,2.125],"tintindex":0,"rotation":0,"texture":"#0"},"down":{"uv":[7.4375,5.0625,6.5625,6.0],"tintindex":0,"rotation":0,"texture":"#0"}}}],"display":{"gui":{"rotation":[-150.0,-45.0,180.0]}},"gui_light":"front"}