{"textures":{"0":"modelengine:entity/slime_warrior","particle":"#0"},"elements":[{"from":[6.454995,5.829351,6.5068336],"to":[9.454994,8.829351,9.506834],"faces":{"east":{"uv":[0.0,6.75,0.375,7.125],"tintindex":0,"rotation":0,"texture":"#0"},"south":{"uv":[0.5,6.75,0.875,7.125],"tintindex":0,"rotation":0,"texture":"#0"},"north":{"uv":[6.625,4.75,7.0,5.125],"tintindex":0,"rotation":0,"texture":"#0"},"west":{"uv":[1.0,6.75,1.375,7.125],"tintindex":0,"rotation":0,"texture":"#0"},"up":{"uv":[7.125,5.625,6.75,5.25],"tintindex":0,"rotation":0,"texture":"#0"},"down":{"uv":[7.125,5.75,6.75,6.125],"tintindex":0,"rotation":0,"texture":"#0"}},"rotation":{"origin":[7.954995,7.829351,9.506834],"angle":22.5,"axis":"x"}},{"from":[7.779995,8.098381,-10.338837],"to":[8.029995,11.098381,3.6611624],"faces":{"east":{"uv":[0.0,3.75,1.75,4.125],"tintindex":0,"rotation":0,"texture":"#0"},"south":{"uv":[7.0,0.75,7.125,1.125],"tintindex":0,"rotation":0,"texture":"#0"},"north":{"uv":[6.0,6.875,6.125,7.25],"tintindex":0,"rotation":0,"texture":"#0"},"west":{"uv":[4.25,4.625,6.0,5.0],"tintindex":0,"rotation":0,"texture":"#0"},"up":{"uv":[4.0,7.375,3.875,5.625],"tintindex":0,"rotation":0,"texture":"#0"},"down":{"uv":[1.625,5.75,1.5,7.5],"tintindex":0,"rotation":0,"texture":"#0"}},"rotation":{"origin":[8.454995,7.848381,3.6611624],"angle":22.5,"axis":"x"}},{"from":[6.954995,6.598381,3.6611624],"to":[8.954994,12.598381,5.6611624],"faces":{"east":{"uv":[5.5,6.0,5.75,6.75],"tintindex":0,"rotation":0,"texture":"#0"},"south":{"uv":[5.875,6.0,6.125,6.75],"tintindex":0,"rotation":0,"texture":"#0"},"north":{"uv":[5.75,3.75,6.0,4.5],"tintindex":0,"rotation":0,"texture":"#0"},"west":{"uv":[6.125,0.0,6.375,0.75],"tintindex":0,"rotation":0,"texture":"#0"},"up":{"uv":[7.25,0.25,7.0,0.0],"tintindex":0,"rotation":0,"texture":"#0"},"down":{"uv":[7.25,0.375,7.0,0.625],"tintindex":0,"rotation":0,"texture":"#0"}},"rotation":{"origin":[8.454995,7.848381,3.6611624],"angle":22.5,"axis":"x"}},{"from":[6.954995,8.598381,5.6611624],"to":[8.954994,10.598381,9.661162],"faces":{"east":{"uv":[6.25,6.75,6.75,7.0],"tintindex":0,"rotation":0,"texture":"#0"},"south":{"uv":[6.875,6.875,7.125,7.125],"tintindex":0,"rotation":0,"texture":"#0"},"north":{"uv":[2.125,6.875,2.375,7.125],"tintindex":0,"rotation":0,"texture":"#0"},"west":{"uv":[6.75,6.25,7.25,6.5],"tintindex":0,"rotation":0,"texture":"#0"},"up":{"uv":[3.75,6.625,3.5,6.125],"tintindex":0,"rotation":0,"texture":"#0"},"down":{"uv":[5.375,6.125,5.125,6.625],"tintindex":0,"rotation":0,"texture":"#0"}},"rotation":{"origin":[8.454995,7.848381,3.6611624],"angle":22.5,"axis":"x"}},{"from":[7.954995,6.098381,-13.338837],"to":[7.954995,12.098381,3.6611624],"faces":{"east":{"uv":[3.5,3.75,5.625,4.5],"tintindex":0,"rotation":0,"texture":"#0"},"west":{"uv":[0.0,4.5,2.125,5.25],"tintindex":0,"rotation":0,"texture":"#0"}},"rotation":{"origin":[8.454995,7.848381,3.6611624],"angle":22.5,"axis":"x"}}],"display":{"gui":{"rotation":[-150.0,-45.0,180.0]}},"gui_light":"front"}