{"textures":{"0":"modelengine:entity/em_dskeleton_tank","particle":"#0"},"elements":[{"from":[6.0,7.6499996,7.55],"to":[10.0,13.65,8.55],"faces":{"east":{"uv":[5.3825,10.8825,5.4925,11.6175],"tintindex":0,"rotation":0,"texture":"#0"},"south":{"uv":[1.5075,9.2575,1.9925,9.9925],"tintindex":0,"rotation":0,"texture":"#0"},"north":{"uv":[1.0075,9.2575,1.4925,9.9925],"tintindex":0,"rotation":0,"texture":"#0"},"west":{"uv":[5.5075,10.8825,5.6175,11.6175],"tintindex":0,"rotation":0,"texture":"#0"},"up":{"uv":[3.9925,4.6175,3.5075,4.5075],"tintindex":0,"rotation":0,"texture":"#0"},"down":{"uv":[3.4925,5.5075,3.0075,5.6175],"tintindex":0,"rotation":0,"texture":"#0"}}},{"from":[3.0,6.6499996,4.45],"to":[13.0,13.65,8.45],"faces":{"east":{"uv":[8.7575,2.2575,9.2425,3.1175],"tintindex":0,"rotation":0,"texture":"#0"},"south":{"uv":[4.0075,2.0075,5.2425,2.8675],"tintindex":0,"rotation":0,"texture":"#0"},"north":{"uv":[4.0075,1.1325,5.2425,1.9925],"tintindex":0,"rotation":0,"texture":"#0"},"west":{"uv":[8.7575,3.1325,9.2425,3.9925],"tintindex":0,"rotation":0,"texture":"#0"},"up":{"uv":[7.4925,1.9925,6.2575,1.5075],"tintindex":0,"rotation":0,"texture":"#0"},"down":{"uv":[7.4925,2.0075,6.2575,2.4925],"tintindex":0,"rotation":0,"texture":"#0"}}},{"from":[2.7,6.3499994,4.1499996],"to":[13.3,13.95,8.75],"faces":{"east":{"uv":[4.2575,8.7575,4.7425,9.6175],"tintindex":0,"rotation":0,"texture":"#0"},"south":{"uv":[5.2425,3.7575,4.0075,4.6175],"tintindex":0,"rotation":0,"texture":"#0"},"north":{"uv":[4.0075,2.8825,5.2425,3.7425],"tintindex":0,"rotation":0,"texture":"#0"},"west":{"uv":[4.7575,8.7575,5.2425,9.6175],"tintindex":0,"rotation":0,"texture":"#0"},"up":{"uv":[7.7425,4.2425,6.5075,3.7575],"tintindex":0,"rotation":0,"texture":"#0"},"down":{"uv":[7.7425,4.2575,6.5075,4.7425],"tintindex":0,"rotation":0,"texture":"#0"}}},{"from":[2.85,6.4999995,4.2999997],"to":[13.15,13.799999,8.599999],"faces":{"east":{"uv":[9.0075,0.5075,9.4925,1.3675],"tintindex":0,"rotation":0,"texture":"#0"},"south":{"uv":[1.2575,4.1325,2.4925,4.9925],"tintindex":0,"rotation":0,"texture":"#0"},"north":{"uv":[0.0075,4.1325,1.2425,4.9925],"tintindex":0,"rotation":0,"texture":"#0"},"west":{"uv":[3.0075,9.0075,3.4925,9.8675],"tintindex":0,"rotation":0,"texture":"#0"},"up":{"uv":[7.2425,7.1175,6.0075,6.6325],"tintindex":0,"rotation":0,"texture":"#0"},"down":{"uv":[1.2425,6.8825,0.0075,7.3675],"tintindex":0,"rotation":0,"texture":"#0"}}}],"display":{"gui":{"rotation":[-150.0,-45.0,180.0]}},"gui_light":"front"}