{"textures":{"0":"modelengine:entity/em_dskeleton_tank","particle":"#0"},"elements":[{"from":[9.995,8.495,8.6449995],"to":[6.005,5.505,3.6550002],"faces":{"east":{"uv":[10.5075,3.3825,11.1175,3.7425],"tintindex":0,"rotation":0,"texture":"#0"},"south":{"uv":[10.6325,9.0075,11.1175,9.3675],"tintindex":0,"rotation":0,"texture":"#0"},"north":{"uv":[10.6325,0.3825,11.1175,0.7425],"tintindex":0,"rotation":0,"texture":"#0"},"west":{"uv":[10.5075,3.7575,11.1175,4.1175],"tintindex":0,"rotation":0,"texture":"#0"},"up":{"uv":[7.9925,9.9925,7.5075,9.3825],"tintindex":0,"rotation":0,"texture":"#0"},"down":{"uv":[9.7425,9.3825,9.2575,9.9925],"tintindex":0,"rotation":0,"texture":"#0"}}},{"from":[6.005,5.505,3.6550002],"to":[9.995,8.495,8.6449995],"faces":{"east":{"uv":[10.1325,6.1325,10.7425,6.4925],"tintindex":0,"rotation":0,"texture":"#0"},"south":{"uv":[5.0075,5.6325,5.4925,5.9925],"tintindex":0,"rotation":0,"texture":"#0"},"north":{"uv":[2.5075,4.1325,2.9925,4.4925],"tintindex":0,"rotation":0,"texture":"#0"},"west":{"uv":[10.5075,0.0075,11.1175,0.3675],"tintindex":0,"rotation":0,"texture":"#0"},"up":{"uv":[8.7425,9.8675,8.2575,9.2575],"tintindex":0,"rotation":0,"texture":"#0"},"down":{"uv":[9.7425,8.7575,9.2575,9.3675],"tintindex":0,"rotation":0,"texture":"#0"}}}],"display":{"gui":{"rotation":[-150.0,-45.0,180.0]}},"gui_light":"front"}