{"textures":{"0":"modelengine:entity/em_dskeleton_tank","particle":"#0"},"elements":[{"from":[6.996,0.996,6.996],"to":[9.004,8.004,9.004],"faces":{"east":{"uv":[3.7575,10.6325,3.9925,11.4925],"tintindex":0,"rotation":0,"texture":"#0"},"south":{"uv":[10.6325,5.0075,10.8675,5.8675],"tintindex":0,"rotation":0,"texture":"#0"},"north":{"uv":[3.5075,10.6325,3.7425,11.4925],"tintindex":0,"rotation":0,"texture":"#0"},"west":{"uv":[10.6325,7.3825,10.8675,8.2425],"tintindex":0,"rotation":0,"texture":"#0"},"up":{"uv":[11.1175,8.9925,10.8825,8.7575],"tintindex":0,"rotation":0,"texture":"#0"},"down":{"uv":[9.2425,10.8825,9.0075,11.1175],"tintindex":0,"rotation":0,"texture":"#0"}}},{"from":[10.2,7.9000006,10.2],"to":[5.8,0.49999982,5.8],"faces":{"east":{"uv":[5.2575,9.7425,5.7425,8.8825],"tintindex":0,"rotation":0,"texture":"#0"},"south":{"uv":[8.7575,8.1175,9.2425,7.2575],"tintindex":0,"rotation":0,"texture":"#0"},"north":{"uv":[2.0075,9.7425,2.4925,8.8825],"tintindex":0,"rotation":0,"texture":"#0"},"west":{"uv":[8.7575,8.9925,9.2425,8.1325],"tintindex":0,"rotation":0,"texture":"#0"},"up":{"uv":[9.8825,1.3825,10.3675,1.8675],"tintindex":0,"rotation":0,"texture":"#0"},"down":{"uv":[2.0075,5.4925,2.4925,5.0075],"tintindex":0,"rotation":0,"texture":"#0"}}},{"from":[10.15,2.9499998,8.0],"to":[13.15,8.950001,8.0],"faces":{"south":{"uv":[9.7575,9.7575,10.1175,10.4925],"tintindex":0,"rotation":0,"texture":"#0"},"north":{"uv":[9.7575,9.0075,10.1175,9.7425],"tintindex":0,"rotation":0,"texture":"#0"}}},{"from":[5.8,0.49999982,5.8],"to":[10.2,7.9000006,10.2],"faces":{"east":{"uv":[8.7575,8.1325,9.2425,8.9925],"tintindex":0,"rotation":0,"texture":"#0"},"south":{"uv":[2.0075,8.8825,2.4925,9.7425],"tintindex":0,"rotation":0,"texture":"#0"},"north":{"uv":[8.7575,7.2575,9.2425,8.1175],"tintindex":0,"rotation":0,"texture":"#0"},"west":{"uv":[5.2575,8.8825,5.7425,9.7425],"tintindex":0,"rotation":0,"texture":"#0"},"up":{"uv":[2.4925,5.4925,2.0075,5.0075],"tintindex":0,"rotation":0,"texture":"#0"},"down":{"uv":[10.3675,1.3825,9.8825,1.8675],"tintindex":0,"rotation":0,"texture":"#0"}}}],"display":{"gui":{"rotation":[-150.0,-45.0,180.0]}},"gui_light":"front"}